{
    "../data/task3_01.wav": [
        {
            "beg": 2.4956875,
            "end": 7.577625
        }
    ],
    "../data/task3_02.wav": [
        {
            "beg": 6.924625,
            "end": 11.4565625
        }
    ],
    "../data/task3_03.wav": [
        {
            "beg": 2.8780625,
            "end": 7.266875
        }
    ],
    "../data/task3_04.wav": [],
    "../data/task3_05.wav": []
}